id,stage,title,basis,entry,visible,actions,agency,cost,immediate,delayed,rule,next,branches,friction,evidence
J00,进入,首次启动与账号建立,推导入口＋静态文本；未重置账号实测,首次打开微信小游戏、资源加载与账号登录成功。登录方式、授权弹窗、实名弹窗出现顺序没有录屏证据。,进入游戏并加载主场景；本地有登录失败文本，但不能由此还原每个启动弹窗。,打开小游戏→等待加载→在实际出现的合法登录/授权界面自行完成→进入训练或主界面。,平台入口由玩家自主；训练是否可跳过未确认。,网络、加载时间；没有证据证明入场需扣金币或体力。资源表存在耐力不等于当前玩法使用体力。,账号状态初始化。局外金币20005默认100、宝石20006默认5、经验20007默认0，只是默认值，不是已核实首登录礼包。,训练完成后进入成长循环；未确认另有强制首登奖励。,这是账号持续成长的入口，局内金币与局外金币不要混账。,J01；若直接到主界面，按未完成教程状态由运行时调度，不能断言是异常。,登录失败→重试/退出；加载中退出→续载与教程恢复点未知。不能用清缓存验证。,加载等待及多层授权可能在玩法价值出现前造成流失。设计作用是建立持续身份。,"GlobalBaseAssetsInfo#20003,20005,20006,20007（全局基础资源信息）:defaultValue（默认值）；I2Terms#LoginFailed,Login_Failed（本地化文本词条）"
J01,训练,欢迎与进入训练,明确教程边；入口调度待验证,运行时选择教程16001。该节点在静态图中无前驱，但这不等于确定的首启函数。,欢迎语→开始训练对战→聚焦领主塔。,确认16001、16002说明→到1001。,说明型引导；是否允许跳过整段未确认。,只读说明，无明确资源消耗。,进入受控的训练教学段。,后续训练奖励另在J06处理。,先学习战斗，不先学习商店和完整养成。,J02。静态实线为16001→16002→1001。,中断/退出后的重播位置未确认；不应把缺少跳过字段写成一定不可跳过。,两次说明确认后才操作，提供语境但也增加首个有效动作前的等待。,"GlobalTutorialInfo#16001,16002,1001（全局教程流程信息）:nextId（后继编号）,tutorialActionType（交互类型）"
J02,训练,第一次产钱、翻矿、翻兵营,明确教程链＋两版训练地图,J01到1001，或调度器直接进入1001。,领主塔高亮→金币栏→指定金矿地块→金矿→一星格→产兵建筑。,读主塔产金币→读购买规则→点指定金矿格→观察矿产金币→点一星格→观察单位自动攻击。,1003、1005是目标点击型强指向；其余为说明型。蒙版存在，整体跳过能力未知。,地图1的初始局内金币：Sheet1=100、Sheet2=150；一星基础格价50，两个指定格若均采用该价共100。实际训练扣费/特殊矿价未核。,战场多出金矿与兵营，开始产生可见经济/兵线反馈；不是局外获得同名卡牌。,矿带来后续翻格预算，兵营带来占地和胜利机会。,自动经济→投入→自动产兵→继续投入；玩家控制建设位置，不逐个操纵士兵。,1006结束回调SteerOpenHexEnd（翻格引导结束，推测）→运行时续播/放手；J03并非由1006的nextId直接相连。,金币不足→等产出；指定按钮不可点→是否暂停、补资源或纠错待查。退出恢复未知。,先给矿再给兵让玩家在低风险环境建立因果。两个地图版本的预算不同，会影响是否需要等待。,"GlobalTutorialInfo#1001-1006（全局教程流程信息）:maskPoints（聚焦目标）,startTriggerEvent（开始阶段事件字段）,endTriggerEvent（结束阶段事件字段）；GlobalTrainingMapInfoSheet1#1（训练地图信息·Sheet1）;GlobalTrainingMapInfoSheet2#1（训练地图信息·Sheet2）:playerInitialCoin（玩家初始局内金币）,hexConfigs（固定格子配置）；GlobalHexInfo（全局六边形地块信息）"
J03,训练,训练战斗放手与胜利目标,静态节点；与J02的调用连接未恢复,调度到1007/1008；相机转向敌方或训练进程达到指定阶段，精确触发条件缺失。,摧毁敌方所有建筑的目标说明、敌方主塔、继续游戏提示。,确认说明→继续翻格→观察自动对抗→完成训练场景。,说明之后推导为自主练习；不能保证训练必胜。,局内金币与操作时间。,理解攻击方向和战斗结束目标。,训练完成奖励见J06；1008结束事件名称提示可能显示卡牌概率面板，未确认真实显示内容。,兵营不是即时伤害按钮，部队需要产出与行进。,按选中训练分支进入J04/J05或返回主界面J06；不把所有训练表行视为必经关。,训练失败的重试、奖励发放与教程跳转未找到明确脚本；记录为待验证，不假设免费复活。,从强指向点击转向自由操作是第一次能力检验。若目标解释只讲拆建筑，会遗漏超时占地路径，J04承担补充。,"GlobalTutorialInfo#1007,1008（全局教程流程信息）:endTriggerEvent（结束阶段事件字段）；I2Terms#SteerTutorialContent_1007（本地化文本词条）"
J04,训练分支,防守发育、僵局与未知格,Sheet1地图2与教程的内容/坐标关联；不是已证实必经第2局,若选择Sheet1地图2，存在防御塔、矿、桥形地形与未知格教学素材；17001、17003、18001之间无直接后继边。,周边缺兵营的防御局面→连续两座塔→矿→僵局提示→顶部占地计时→未知格；另有龙骑士教学配置。,17001→17002点两塔；调度17003点矿；18001→18002→18003→18004讲超时占地并点未知格。,指定点击与说明交替，阶段之间由未恢复的运行时调度。,Sheet1地图2玩家/敌方初始局内金币100/100；连续点击成本是否由教学补钱承接待核。未知格基础价25。,固定防线、经济建筑及未知格反馈；传奇演示不等于永久赠送传奇卡。,将防守创造的时间转成经济和占地优势。,拆不动也可比占地；先防守后经济是一种情境策略，推翻无条件先矿的攻略模板。,可能出现1015传奇自动技能说明；转J05或J06依运行时分支。,另一份Sheet2地图2为矩形且双方50金币，不能套用此桥形脚本；早胜、早败如何打断教学未知。,敌人初始两次翻格间隔0/0.05，形成脚本化压力；教学把危险转成可控的策略演示。时间单位依运行时未核。,"GlobalTrainingMapInfoSheet1#2（训练地图信息·Sheet1）:enemyFlipIntervals（敌方翻格间隔序列）,dragonKnightConfig（龙骑士教学配置）,cameraLimitBounds（相机限制/释放事件配置）；GlobalTrainingMapInfoSheet2#2（训练地图信息·Sheet2）；GlobalTutorialInfo#17001-17003,18001-18004,1015（全局教程流程信息）"
J05,训练分支,引流、拉扯与侧路偷袭,仅Sheet1有地图3；明确子链，根调度未知,若进入Sheet1地图3及190xx策略训练；Sheet2没有第3条地图。,敌方骷髅巨人→我方兵营→两个右侧未知格→防御塔→敌军路线改变→左路偷袭提示。,19001→19002点兵营；另由调度进入19003→19004→19005→19006→19007；19008提示从左侧继续扩张。,前段指定位置操作，末段自主执行。,玩家初始50、敌方200局内金币；桥形固定布局。每步是否等待自然收入未知。,新建筑吸引无目标单位，给己方远程争取输出窗口。,侧翼兵线可能绕过主战场推进基地。,无攻击目标的单位优先受直线距离最近建筑吸引；不等于所有已锁定单位立刻改目标。,结束回调TutorAttractionStrategyEnded/TutorStrategyEnded（拉扯/策略教学结束，推测），再回主循环J06/J10。,跳过该训练的玩家可能从未系统学习拉扯；退出恢复、场景失败均未确认。,这是位置策略的高价值教学，但它作为哪批玩家必经内容尚不确定。,"GlobalTrainingMapInfoSheet1#3（训练地图信息·Sheet1）:enemyFlipHexSeq（敌方翻格顺序）,cameraLimitBounds（相机限制配置）；GlobalTutorialInfo#19001-19008（全局教程流程信息）"
J06,首次回城,训练奖励与第一份成长预算,三套奖励来源并列；领取时序未确认,训练完成、奖励/主界面出现。,训练完成奖励、初始卡牌、升级提示；既有账号界面记录为8/43图鉴。,确认训练奖励→检查卡牌和材料→进入升级引导。另有9001→9002→9003指向竞技场进度页的训练完成奖励领取按钮，支持通用卡训练奖的领取路径，但与骷髅升级教学的桥接未恢复。,领取/说明可能引导；精确弹窗栈未知。,领取本身无已知消耗。,训练地图1配置1003:9（骷髅战士9份）；奖杯训练节点0配置20012:6（稀有通用卡6）；竞技场1进入节点1000另有金币60、宝石10、木箱4001。三者不视为必定同时发放。,用于首次升级、通用卡兑换或首箱体验；何时真实到账须看奖励领取。,训练奖励、进入竞技场节点奖、胜利掉落属于不同账目。,J07；J08/J14可由分支插入，未确认固定总顺序。,发现数量不一致→核对奖励来源/是否已领，而非推断丢奖励；满槽如何放入节点箱未知。,确定性材料托底可避免刚教会升级就因碎片不足而卡住；地图奖励与训练进度奖励是否同时发放、先后如何仍需验证。,"GlobalTrainingMapInfoSheet1#1,GlobalTrainingMapInfoSheet2#1（训练地图信息两版）:gameTutorEndReward（训练结束奖励）；GlobalTrophyProgressInfo#0,1000（奖杯进度与节点奖励信息）；既有报告2.2（上一轮界面8/43，非本轮首启实测）"
J07,首次养成,首次升级骷髅战士,明确点击链；AB后继不确定,调度教程1009；若玩家有升级预算可执行。训练奖励支持这一设计，但无直接J06→1009表内边。,卡牌页→骷髅卡详情→升级按钮→关闭→战斗页。,1009→1010→1011升级→1012关闭→1013返回战斗；1014开始匹配是带AB条件的候选后继。,强指向点击，1011确实指向升级按钮，不只是说明。,若骷髅战士为1级普通卡：公式需4份同卡＋5局外金币升2级。若初始等级/材料被覆盖，以界面为准。,骷髅战士永久等级/属性成长；若9份是本分支已到账碎片且此前未消耗，第一次升级后剩5份。,下局相应兵营/单位能力提升；继续升3级需9份及40金币，单靠剩余5份不足。,升级是双资源门槛：同卡碎片和金币缺一不可。,J10或插入J14；按条件分支，不断言首箱一定在首次正式战斗前/后。,缺碎片→J08；缺金币→J15；教程强指向期间是否允许离开筹资未知。,一次成功培养把战斗所得变成可见增强，下一次碎片缺口自然导向开箱与通用卡。,GlobalTutorialInfo#1009-1014（全局教程流程信息）；GlobalHeroCardInfoSheet5#1003（全局英雄卡牌信息）:upLevelRequireCount（升级卡牌份数公式）；GlobalFormulasInfo#10010（全局数值公式信息）:priceFormula（价格公式）
J08,首次养成,通用卡领取与补足碎片,领取链＋兑换链；两链之间的运行时桥接待核,训练完成奖励可领取时进入9001；获得对应品质通用卡后可进入9004兑换教学。训练节点奖励为稀有通用卡，不能拿它补普通骷髅战士。,竞技场进度页的训练完成奖励→卡牌页/卡牌详情中的通用卡按钮→兑换确认→升级所需份数进度。,领取链9001→9002→9003，9003明确指向TrophyProgressItem_Training_Guid（训练进度项）的BtnClaimCompleteReward（领取完成奖励按钮）；兑换链9004→9005→9006→9007确认兑换→9008→9009。没有9003→9004的显式后继，不能保证连续自动播放。,教程内指向兑换确认；教程外兑换对象由玩家自主选。,消耗对应品质通用卡；数量依兑换面板，不应假定教学一次兑换6份。,领取端对应训练节点稀有通用卡6份的配置线索；兑换端增加已拥有、同品质目标卡的份数。9008为说明型，不能认定它又自动执行升级。,与金币凑齐后才能真正升级。,通用卡补的是已拥有卡；随机新卡5017用于解锁收藏，两者不能替代。,J07/J15/J22；9009明确把更多通用卡来源指向活动或商店。,品质不符/未拥有目标/数量不足→换合法目标或保留资源；没有确认无损撤销。,把随机掉落转换为可定向投入，降低核心卡缺片挫折，同时增加资源规划要求。,"GlobalTutorialInfo#9001-9009（全局教程流程信息）；I2Terms#GameAssetUniversalCardR_Explain,GameAssetUniversalCardSR_Explain（本地化文本词条）；GlobalBaseAssetsInfo#20011-20014（全局基础资源信息）"
J09,首次养成,首次查看羁绊与调整卡组,明确羁绊教学；首次换卡动作是可选推导,教程1016或玩家打开卡牌页；获得可用新卡后才有更广调整空间。,阵容区、兽人羁绊按钮、两名兽人激活一级协作的说明。,1016→1017看羁绊→1018读说明→1019查看全阵容；自主比较等级/角色/羁绊后换卡并回战斗试用。,查看羁绊由教程指向；没有看到强制换入某张新卡的完整步骤链。,查看/普通装备无已知材料费；为新卡升级才花材料。,阵容与羁绊预览改变；永久解锁卡不会因未装备而消失。,改变下局翻格候选与组合效果；具体卡池抽取调用未恢复，不承诺指定格必出指定卡。,卡组不是八张最高稀有度堆叠，要考虑经济、近远程、出兵间隔与2/4/6种族档。,J10/J11，用真实局面检验搭配。,想卸金矿时存在不要放弃金矿的提示，是否硬性禁止需确认；A/B羁绊文本不同，以当前面板为准。,从照做升级转为有目标的自主构筑；传奇演示容易让新手误以为品质决定一切。,"GlobalTutorialInfo#1016-1019（全局教程流程信息）；I2Terms#CantEquipCardTip_GoldMine,HeroCardPanel_OrcsFettersBuff（本地化文本词条）；GlobalHeroCardInfoSheet5（全局英雄卡牌信息）"
J10,正式对局,第一次从主界面开始普通竞技场,点击链与既有主界面；不是独立PVP首局,训练已结束并到竞技场1，或1014被调用。没有证据把账号2级当作开打前置。,主界面竞技场、开始匹配按钮、宝箱槽和未解锁入口；既有界面进度9/25、成功+3。,检查卡组→点开始→等待匹配/加载→进入普通战场。,首次按钮有强指向，之后自主反复开局。,时间；NoBet（免下注开关）默认1支持免下注分析，不把旧下注金额或耐力默认为当前入场费。,生成新局内状态；普通竞技场1时限180秒配置。,胜负分别推进J12/J13，后续账号经验和奖杯进度不同步。,此时是普通竞技场，不是竞技场4才开放的独立赛季PVP。,J11。,匹配等待/取消/断线的精确策略未确认；训练敌方卡组与普通AI表都不能证明第一正式局必为真人或必胜机器人。,等待与对手表现决定第一次从脚本训练到真实规则的落差。,"GlobalTutorialInfo#1014（全局教程流程信息）:maskPoints（开始按钮目标）；GlobalArenaInfoSheet2#1001（全局竞技场信息）:countDownTime（倒计时）,trophyReward（胜利奖杯）；RemoteConfig（远程配置缓存，仅默认值）:NoBet（免下注开关）"
J11,正式对局,自主局内循环：经济、兵线和胜利选择,教程规则＋静态数值；操作策略为推导,普通对局加载完成。,金币、地块价格、兵营/矿/塔、敌方推进、计时与占地；神器未解锁时没有新增主动技能教学要求。,先观察近敌压力→分配金币→点相邻格→观察随机结果与兵线→按威胁补防御/经济→临近结束比较占地。,自主；不要求固定先翻三矿或单路推进。,一星50、二星100、三星250、未知25局内金币；矿持续产出，敌压可能使玩家没有等待高价格的余裕。,随机建筑/单位、占地和经济改变；没有确认局内剩余金币结转为局外余额。,矿的复利、持续出兵、路线控制和拆建筑/占地胜利。,拆光敌方建筑或计时结束占地更多；平局判定未知。未知格权重向量不能直接解释成80%金卡。,胜J12、负J13、离线J26。,局内缺钱→等产出/选择更低价合法格；不能打开局外金币商店就假定给本局补钱。僵局→占地路线，而非只赌传奇。,随机惊喜＋持续反馈，失败也能诊断经济过慢、前线崩溃或占地不足，但无法由一次失败确定唯一原因。,"GlobalHexInfo（全局六边形地块信息）；GlobalTutorialInfo#1001-1007,18003,19003-19008（全局教程流程信息）；GlobalArchitectureInfogameplay_improve_01#1001（全局建筑信息）；W02,W03,W06（网上交叉证据，见来源表）"
J12,结算,首次正式胜利：到账与未到账分离,普通竞技场数值＋宝箱/结算文本,普通竞技场1判胜，且当日金币额度未耗尽。未发现独立首胜加倍保证。,胜利结算、经验与进度变化、可能获得的箱子/空槽提示；胜利礼包广告入口有资源支持。,查看结算→确认返回→先启动宝箱解锁→检查账号/进度节点是否达标。,自主领取与可选广告；不能把可选礼包算必领。,无已确认领奖手续费；广告耗时间且受可用性限制。,基础金币5（首档日额度200）、经验20、奖杯+3；实际覆盖/保护/加成另核。拆建筑木材5/50是潜在旧公式分支，不计入固定首胜账。,胜利宝箱在槽位允许时待解锁；账号升级、奖杯节点、任务达标后另领。,赢一局同时动多个进度条，但它们不是同一笔产出。,J14；若经验≥门槛到J16，若本竞技场进度满到J17/J19/J23。,满槽→文本支持无空位，补偿/溢出保存未知；金币达日上限→不代表经验和奖杯也封顶。,首胜给即时满足，箱子延期发材料形成回访钩子；满槽会让继续对战的收益感下降。,"GlobalArenaInfoSheet2#1001（全局竞技场信息）:victoryGoldNoBet（免下注胜利金币）,dailyGoldLimitNoBet（金币日上限）；GameSettingConfig#NormalPVPWinExp（游戏通用规则配置·普通胜利经验）；I2Terms#SuccessPanel_NoEmptySpace（本地化文本词条）；VideoBtnConfig#1009（激励视频入口配置）"
J13,结算,首次失败：经验保留与回流选择,基础失败配置＋失败礼包文本；未实测失败结算,建筑/占地判负，或触发当前模式的断线失败规则。,失败结算、可能的失败礼包、返回/再次挑战相关界面；精确按钮顺序未录制。,确认结果→检查是经济、兵线还是占地问题→不必购买，回卡组/升级或再挑战。,自主；没有证据表明失败后必须消费才能继续。,竞技场1失败扣奖杯基数2；零分保护、降场、首次免扣未核。,普通失败经验配置10；失败金币与宝箱未确认，不能补成胜利一半。,有资格的对局次数任务仍可能前进；胜场任务不因失败增加；账号经验允许缓慢升级。,输并非所有成长归零，但攀升速度会降低。士气教程的胜+5/负-20属于后续/旧分支，不套给初始账号。,J15/J09/J10；自主暂停则J26。,VideoBtnConfig#1011有失败礼包入口，不证明每败必弹、礼包内容固定或必须看广告。连败保护/对手调整未证。,失败后同时出现增强建议与变现入口，可能把策略问题误读成付费问题；需要区分玩家感受与匹配证据。,"GameSettingConfig#NormalPVPLoseExp（游戏通用规则配置·普通失败经验）；GlobalArenaInfoSheet2#1001（全局竞技场信息）:trophyPunish（失败扣减基数）；I2Terms#DefeatPanel_DefeatPack,DefeatPanel_AFK（本地化文本词条）；VideoBtnConfig#1011（激励视频入口配置）"
J14,开箱,首次宝箱：领到、解锁、开启是三步,5组教程分支＋既有4槽/5分钟画面,已有箱子，且调度器选择相应宝箱UI分支。它可能来自训练节点或首胜，不能仅凭文案确定哪一笔。,主界面槽位或独立宝箱面板→宝箱信息/空解锁栏→解锁按钮→计时→开箱结果。,当前底部方案候选14001→14002→14003；队列方案15001→15002→15003；快速教学30001→30002→30003→30004。旧独立面板为120xx/130xx。,教学内目标点击；日常等待/广告/宝石加速为自主选择。,木箱等待5分钟配置；快速按钮可能消费广告/其他加速，但30003进入事件ChestTutorialFreeGet提示教学免费特例，不能认定第一次真的播放广告。,开始计时，尚未得到内容物；完成开启才取得卡片和材料。,木箱5、铁箱10、青铜30、黄金45、宝玉60、国王90、大师120、传奇180分钟配置；奖励编码与文本冲突未解决，不给固定箱内总额。,4个槽不是4个并行解锁位。竞技场4有宝箱队列解锁文本，实际并发数量待验证。,材料够→J07/J22；不够→J15；等待→J10或J26。部分AB分支明确回1014继续匹配。,满槽/正在解锁→先看槽位状态；广告不可用→等自然计时，不保证免费重试次数；退出后的计时续走属于合理回访预期，仍待在线核对。,第一箱缩短反馈间隔，后续时间拉长；再战与离开都成为合法下一步。,"GlobalTutorialInfo#12001-15003,30001-30004（全局教程流程信息）；GlobalBoxInfo#4001-4008（全局宝箱信息）:unLockTime（解锁时间）；GlobalTrophyProgressInfo#1003（奖杯节点信息）:UnlockFunctionName（解锁功能名）；VideoBtnConfig#1006（激励视频入口配置）"
J15,资源卡点,升级/探索/召唤资源不足时分流,不足文本与消费规则；跳转优先级为推导,玩家尝试升级卡牌、解锁技能、探索领地、神器培养或召唤时材料不够。,金币、木材、水晶、碎片、符文石不足提示或对应资源进度。,先确认缺的资源与用途→查已可领箱子/节点/任务→继续对战或领地收取→再决定是否看可选广告/兑换。,自主支路；没有配置证明必须购买。,筹资耗时间；兑换可能消耗宝石/通用卡。不要为完成消耗任务而无目标花掉珍贵资源。,领取/兑换到账；不足时原操作是否保证不扣部分材料须面板确认。,箱子计时、挂机、下一日任务提供后续补充，不保证当场解决。,局外金币缺口靠局外来源；卡片缺口可用同品质通用卡；技能另要符文石；神器另要水晶/碎片。,回对应培养节点，或J10继续竞技场；可以直接J26退出。,既没有合适通用卡也没有可领奖励→等待是可行选择；缺新卡不能用已拥有卡通用片解锁。广告失败不等于资源到账。,多种资源把一条升级线分成数个门槛，促使玩家接触局外系统；若提示只导商店，会弱化免费来源的可理解性。,"I2Terms#TipPanel_NotEnoughMoney,TipPanel_NotEnoughWood,TipPanel_NotEnoughDivineCrystal,TipPanel_NotEnoughNumber,AbilitySystem2_NotEnoughStone（本地化文本词条）；GlobalShopInfo（全局商店信息）；GlobalTutorialInfo#9009（全局教程流程信息）"
J16,账号成长,第一次账号升级与获得新卡机会,经验门槛与奖励行；起始奖励消费点未知,账号经验达到2级100。若零经验起步、每胜20/负10且仅靠普通对战，需5胜到10负之间的5～10局。,账号等级提升、升级奖励/新卡或宝箱预览；当前既有界面60/100支持早期门槛。,确认升级→领取该等级奖励→检查新卡是否可入阵→按需调整J09。,经验累积自动，奖励是否自动发还是需点击领取待核。,经验达到阈值；不是花同卡碎片升卡牌等级。,GlobaUpgradeReward的ID2配置5017:1；5017从未拥有卡随机，品质权重40/30/20/10。精确应用行偏移/初始ID1是否已消费未实测。,ID3木箱，ID4随机新卡，ID5木箱，ID6随机新卡。后续账号经验列究竟累计阈值还是逐级需求未定，不给精确一周等级。,账号等级、卡牌等级、竞技场档位是三条独立轴。新卡让收藏横向扩展，碎片让旧卡纵向成长。,J09/J14/J10。,某品质未拥有池为空时回退规则未知；不能承诺任何等级必出指定卡，也不能把cardUnlockLevel数字直接当成该账号等级必送卡。,输局仍得经验使收藏不断推进；但随机新卡未必能替换已培养主力。,"UserLevelInfo#10002（账号等级经验信息）:exp（经验字段）；GlobaUpgradeReward#1-6（账号升级奖励配置）；GlobalRandomHeroCardInfo#5017（随机英雄卡牌奖励信息）:randomFromOwnedCards（从已拥有卡抽取与否）,randomProbability（品质权重）；GameSettingConfig#NormalPVPWinExp,NormalPVPLoseExp（游戏通用规则配置）"
J17,领地开放,竞技场2：首次领地探索,界面解锁门槛＋两组教程,普通竞技场1完成门槛25进度、进入竞技场2后，领地可解锁。具体进度溢出处理未知。,领地入口解除锁定→领主塔属性→可探索格。,进入领地→查看塔属性→点击指定可买格→用木材探索/建造→看属性变化。教程4001～4005或6001～6005，不是连续做两遍。,首次探索有强指向；后续探索路线自主。,木材；首称号hexPrice=50是对应档位探索费用候选，实际首教学是否减免待核。,建筑提供塔攻击、生命或局内金币产量加成；首格具体建筑需地图/界面复核，不能保证先加金币。,领主塔更强、挂机材料流形成；奖励通行证另领，不与每次翻格合并。,领地不是装饰，是把木材转为对战塔属性及长期资源供给。,J18，并回J10体验成长反馈。,木材不足→J15；旧400x引用旧主城界面，新600x引用新界面，默认开关无法单独证明当前播放哪套。,从只关心卡牌转向全局底盘，资源维度首次显著增加。,"既有报告2.4（领地锁定页竞技场2）；GlobalFeatureUnlockInfo#Feature_Fief（全局功能解锁信息）:type（类型）=2,args（参数）=2；GlobalTutorialInfo#4001-4005,6001-6005（全局教程流程信息）；GlobalMainCityTitleInfo（领地称号与收益信息）"
J18,领地成长,挂机领取与木材再投资,称号速率与上限；领取调度未实测,领地/挂机系统实际开放，积累时间达到可领要求；最低领取间隔未确认。,挂机收益累计、金币/木材/水晶与可能的翻倍入口。,回城检查→领取已累积资源→按需用木材探索→保留金币给核心卡、水晶给神器。,自主，广告翻倍不是普通领取必要条件。,等待；进一步探索花木材。,首档每分钟金币1、木材0.5、水晶0.125配置；领到多少取决于实际有效累计分钟和加成。,上限480分钟；基础满8小时480金币/240木材/60水晶。更高称号提高速率，不能把8小时按一整天乘3算未登录收益。,存储有上限，领地探索与定期回访构成正反馈。,J07/J17/J21；资源未够→J26稍后回归。,离线计时起点、服务器校时、广告翻倍失败补发未知；无证据存在额外离线补偿礼包。,为短会话提供低操作收益；让玩家在不打完整对局时仍能感觉成长。,GlobalMainCityTitleInfo（领地称号与基础收益信息）:maxRewardMins（挂机累计分钟上限）及收益字段；VideoBtnConfig#1014（激励视频入口配置）:ReportLable（报告标签）=Idle_Double（挂机翻倍）
J19,神器开放,竞技场3：第一次认识神器,功能表/奖励节点；解锁过程未实测,竞技场3为核心门槛；召唤/卡牌子入口另有RequireUnlocked=1020，命名空间未知，不能解释为竞技场20。,神器入口、冲锋号角说明、装备区、召唤入口。,按实际引导进入神器页→看当前装备→回战斗。旧链2001→11001→11002→11003→2003；新版更新链20003～20014未证实是新号同一路径。,说明与目标点击；没有证据要求付费获得首件神器。,看说明无消耗；首件冲锋号角的授予时点/数量未确认。,拥有/装备主动技能载体；旧文案确认介绍冲锋号角，不代表当前号必收到同一默认件。,新战斗维度J20，长期培养J21。,神器提供额外战术动作，不改变普通卡牌自动出兵的底层循环。,J20/J21/J10。,子入口仍锁→核对前置完成而非只看竞技场数字；神器18件启用不等于立即都可收集。,在基本翻格熟悉后加入主动技能，分散首场认知负担。,"GlobalFeatureUnlockInfo#Feature_Artifacts,Feature_ArtifactsCard,Feature_ArtifactsSummon（全局功能解锁信息）；GlobalTrophyProgressInfo#1002（奖杯进度节点信息）；GlobalTutorialInfo#2001,11001-11003,2003,20003-20014（全局教程流程信息）"
J20,神器战斗,第一次充能完成并拖拽释放,新版教程明确规则；当前账号尚未实战验证,装备可用神器进入对局，调度20000/20002；充能需翻格达到对应累计次数。,神器技能图标、充能状态与拖拽指示。,读20000→20001说明→持续翻格至第8次→充能完成时拖拽使用；之后累计到20、36次分别再充满。,首次释放有拖拽教学，其余时机和位置自主。,充能依赖翻格投入局内金币与机会成本；没有证据每次释放扣局外宝石。,对应神器效果作用于战场；未解析的目标范围、额外冷却不可补猜。,每局最多3次；短局或经济不足可能根本达不到第二/三次。,8/20/36是累计翻格次数，后两段增量12/16；不是第8/20/36秒。,J11继续战斗；结算后J21调整培养。,没充满→继续翻格或正常打完；拖放无效→目标/状态需界面核对；旧30秒/每局1次不并入新版。,翻格同时推进经济、占地和技能充能，给主动决策明确节奏点。,"GlobalTutorialInfo#20000-20002（全局教程流程信息）:tutorialActionType（交互类型）=1,slideAnimPoints（拖拽起终点）；RemoteConfig（远程配置缓存）:NewArtifactsPlay（新版神器玩法开关）=1"
J21,神器成长,召唤、升级与升星形成材料循环,新旧教学区分；更新补偿不视为新号奖励,神器与召唤入口已解锁，已有神器或相关材料。,升级、升星、召唤、十连/百连选项。,查看神器详情→查看升级和升星需求→选择可领免费/广告召唤或保留资源→按需提升→装备合适神器。,20006/20009/20012/20013是说明型，不代表脚本强制升级、升星、看广告或付费抽卡。,升级水晶、升星碎片；新版教程每6小时可看广告免费十连，宝石十/百连另花宝石。具体价格与免费状态看当前面板。,召唤取得水晶或神器相关材料，升级/升星改变属性；新手首抽是否固定战争号角不能由旧3006目标推为当前保证。,召唤经验等级提高池子品质分布，升阶限制进一步升级；不是短期必满系统。,水晶、碎片、召唤经验三者角色不同；普通池与限定池不同。,J20验证战斗效果，J18补水晶，J24看活动材料。,广告不可用→等待/退出；无宝石→不抽也可继续普通战斗；ArtifactResourceReturn事件更像版本迁移资源返还，不能当所有新号固定补偿。,多个时钟与材料门槛制造中长期回访理由，也可能造成界面理解负担。,"GlobalTutorialInfo#3001-3007,20003-20014（全局教程流程信息）；GlobalSummonInfo（全局神器召唤信息）；PropUpgradeInfoConfig（神器等级升级配置）;PropRankUpInfoConfig（神器升星升阶配置）"
J22,卡牌技能,第一次跨过卡牌6级技能门槛,新技能价格表＋提示链；非账号6级,某卡达到6级且存在对应技能；后续门槛12/18级。是否在达到时自动弹引导未确认。,卡牌额外技能入口、技能升级按钮、符文石余额/不足提示。,10001点击技能入口→10002读升级说明→自主比较效果与成本→有材料则升级技能。,教程强制看入口，第二步是说明型，不证明强制付符文石。,首技能三档符文石100/200/300；第二技能300/600/900；第三技能600/1000/1500。卡牌1→6累计金币1125另算。,购买技能档位才获得相应效果；仅卡牌到6级不等于技能已强化满。,12/18级成为长期明确目标，改变培养优先级。,等级门槛＋符文石门槛叠加；不是所有卡都拥有相同数量技能。,J11试用；缺符文石J15/J24/J25。,旧天赋树与新技能可能并存于资源，当前优先新系统；重置石是否返符文石未知，不用它试错验证。,从纯数值升级转到能力变化，但高阶金币三次增长会显著拉长养成。,"GlobalUpgradeTalentPriceInfoabilities_in_advance（额外技能解锁与价格信息·提前开放分支）；GlobalTutorialInfo#10001,10002（全局教程流程信息）；GlobalCardTalent2Info（卡牌与新技能对应信息）；W07（社区经验交叉核对）"
J23,赛季开放,竞技场4：从普通爬场分流到独立PVP,既有锁定画面＋PVP开放参数,竞技场4；Pvp_OpenMainLevel=4与界面一致。当前赛季是否已开放仍依服务器。,赛季入口、段位/排名、独立任务与通行证；旧8001→8002只说明进入赛季。,打开赛季规则→看段位与可领任务→自主选择PVP或继续普通竞技场→匹配对局。,解锁不等于强制改玩该模式。,单局配置300秒上限，长于普通首档180秒；未确认额外入场费。,分数基础胜+20/负-16（另有修正），新通行证经验胜100/负30；不是普通竞技场奖杯。,段位、通行证与周期排名奖励，按达标/到期另领。Reward_Win=6含义未定，不能称每天6胜固定包。,模式换了，计分、时限和奖励账本也换了；首局机器人/固定图字段只可作为候选行为。,J24任务、J30日常；仍可回J10推进竞技场。,Pvp_PlayFirstBot=1、Pvp_PlayFirstMap=1001提示独立PVP首局预设，不能外推所有对局；旧7002前50胜代币规则不替代新通行证100/30。,增加竞技目标与周期间隔，但也产生普通进度和赛季进度的注意力竞争。,"PvpSettingConfig（PVP全局规则配置）:Pvp_OpenMainLevel（开放竞技场等级）,PvpPlayTime（时限）,Pvp_PlayFirstBot（推测首局机器人标志）,Pvp_PlayFirstMap（推测首局地图）；GlobalFeatureUnlockInfo#Feature_Season（全局功能解锁信息）；GlobalTutorialInfo#7001-7002,8001-8002（全局教程流程信息）"
J24,活动曝光,签到、日任务与阶段奖进入玩家视野,奖励表明确，首次曝光/启用日期未知,相应活动实际开放且账号满足资格；不是看到本地表就认定首日全部开启。,签到日历、活动任务、活跃进度与奖励节点；具体红点/弹窗优先级未核。,领取当日可领签到→看任务是否随正常对战推进→达标手动领任务和阶段奖→选择参与活动。,可选分支，尤其消耗任务不应作为强制新手步骤。,签到通常无材料费；比赛/胜场花时间；消耗金币/木材/宝石任务必须真的花资源；骰子活动花专属骰子。,首签到组候选首日500金币；周卡活动10局任务500金币、5胜任务20宝石，各加10活跃。每项要满足对应资格与领取，不提前入账。,签到累计7/14/28天奖励；周卡活跃50档50宝石、100档普通通用卡30等，奖励是达标节点，不是单局产出。,同一局可推进多个计数，但同一计数的任务是否阶段继承、何时重置依活动规则。,J15补缺口/J22培养，或J10继续对战；首周路径见报告。,错过签到→有补签视频入口，次数/消耗/连续与累计口径未核；某活动未开放→跳过，不影响基本战斗。,把自由对战转为今日短目标，同时把每周/每月目标接上；过多入口会分散第一次养成的注意力。,"CheckInRewardsIndexConfig#10001,10002（签到奖励组索引）;CheckInRewardsConfig#1001（签到奖励配置）;CumulativeRewardConfig（累计签到奖励配置）；GlobalWeeklyCardDailyTaskInfo#10001,10002（每周卡牌活动每日任务信息）;GlobalWeeklyCardStageInfo#10001,10002（每周卡牌活动阶段奖励信息）；DailyTaskConfig#2（骰子冒险每日任务配置）;VideoBtnConfig#1017（激励视频入口配置）"
J25,商店曝光,从资源需求进入商店/礼包/广告,基础门槛与商品表；主动弹窗时点未证,"完成训练后基础商店资格；Feature_Store、Feature_NewBiePack等type=2,args=1。也可能由缺资源/结算/活动提示引入。",基础资源、特卖、新手/种族礼包、月卡/基金等入口；商品可见不等于强制购买。,看需求与售价/限购→比较免费可领、宝石兑换和真实付费→自主关闭或操作；本研究未购买。,自主；图标解锁、页面曝光、自动弹出、购买是四件事。,GlobalShopInfo的priceResourceId分广告10001、内购10002、宝石20006等；平台真实币价不能由国际IAP的2.99换成人民币。,符合条件并成功领取/交易才发奖励；新手礼包候选有金矿卡片、宝石、木材。,分阶段新手礼包配置第1/2/3日奖，需先满足对应购买/领取条件；不是免费三日登录礼。,免费广告、宝石消费、现金消费分开；通行证高级轨不自动归零氪玩家所有。,获得资源回培养；关闭继续J10/J26。,余额不足→保留资源/免费来源J15；支付失败/取消不应计入领取。UserLablePushPackInfo只有标签礼包内容，不能证明首败固定推送。,将刚产生的材料缺口对应到可购买解法；延迟礼包把消费与后续回访绑定。,"GlobalFeatureUnlockInfo#Feature_Store,Feature_NewBiePack,Feature_MonthlyCard,Feature_Fund（全局功能解锁信息）；I2Terms#ShoPanel_CompleteGuidToUnlock（本地化文本词条）；GlobalShopInfo#10001（全局商店信息）；GlobaMultistageNewcomerPackageInfo#10001（分阶段新手礼包信息）"
J26,退出,训练中、战斗中、主界面退出的差别,断线文本＋状态推导；不实测破坏账号,玩家关闭/切后台、网络断开或主动结束本次会话。,可能出现退出/断线提示；不同模式UI未逐一核对。,若已结算，启动可用宝箱计时并领取可领资源后离开；若战斗中，先知晓可能判负。,自主退出。,战斗未完成有判负风险；训练进度是否丢失未知。主界面离开未发现直接罚资源证据。,会话结束，不代表删除账号或重置成长。,箱子/挂机可能继续计时；挂机有8小时存储上限。,DefeatPanel_AFK写断线超过10秒判负，TipTxt_1写长时间挂机超过10秒视为失败；后者不能解释成10秒不点格必输。适用模式/暂停行为需实测。,J27回归。,训练退出→恢复节点未知；匹配退出→取消/计负未知；战斗退出→判负风险；开箱动画退出→到账幂等未知；主界面退出→常规回访。,短局降低离开成本，但后台惩罚会影响碎片时间玩法；需要避免把离线文案与静止观察混为一谈。,"I2Terms#DefeatPanel_AFK,TipTxt_1,Exit_Game（本地化文本词条）；GlobalMainCityTitleInfo（领地称号与基础收益信息）:maxRewardMins（累计时间上限）"
J27,回归,第一次回归：收取、整理、再开局,资源时钟支持的合理路径；无完整回归录屏,重新打开同一账号；需要确认登录与资源同步成功。,宝箱完成状态、挂机累计、签到/活动可领状态、竞技场进度。回归专属礼包/强制弹窗没有确认。,先看箱子→领取完成箱并启动下一箱→领地已开则领挂机→看当天签到/任务→做一次有目标培养→再对战。,可选组织顺序，不是游戏强制脚本。,收取时间；培养照常耗材料。,把延期奖励转成可用材料；上次尚未结算/动画中的奖励先核账。,补满下一次挂机/宝箱时钟，构成下一轮回访。,在线频率影响时钟利用率，但不等于必须每5分钟上线。,J30稳定循环；若目标未解锁继续J10。,资源不同步/广告失败→不反复消费验证；错过活动周期→按当前规则处理，不能沿用旧奖励表。,短回访也能获得明确进展；同时领取点过多可能让新手忘记本次主目标。,GlobalBoxInfo（全局宝箱信息）;GlobalMainCityTitleInfo（领地称号与收益信息）;CheckInRewardsIndexConfig（签到奖励组索引）；推导：以上系统形成的回访顺序，不是直接教程边
J30,稳定日常,稳定循环与长期目标,系统规则综合推导；非承诺首周全部达到,已会独立对战、领奖和培养，并有至少一条可持续材料来源；神器/赛季未开仍能形成基础循环。,近期竞技场目标、核心卡技能门槛、箱子/挂机、活动阶段、赛季奖励。,短登录收取→选择一个培养目标→普通竞技场或赛季对局→结算分账→补箱子计时→按周期领任务→退出。,自主分配游戏时间，玩家可以轻度只打几局，不必清空所有任务。,战斗与广告时间、金币/碎片/符文石/木材/水晶等分线预算。,战斗乐趣、阶段推进、资源到账与可见属性改善。,核心卡6/12/18技能、扩展可用卡池、领地更高称号、神器升阶、20档竞技场与周期段位/通行证目标。,不是重复点击同一系统，而是材料约束决定下一条支路，局外选择反过来改变局内经济与战术。,J10/J23→J12/J13→J14/J18/J24→J07/J17/J21/J22→再战，周期性经过J26/J27。,连败→先检查局内决策和培养分配；卡资源→等待/活动/缩小目标；活动未开→回基础循环；不把购买作为唯一路径。,多层长期目标延长生命周期；若资源缺口同时堆叠，玩家会从策略学习转向等待与强度焦虑。,本报告J10-J27的合成路径；GlobalArenaInfoSheet2（全局竞技场信息）;GlobalUpgradeTalentPriceInfoabilities_in_advance（额外技能门槛与价格信息）;GlobalMainCityTitleInfo（领地称号信息）;PropRankUpInfoConfig（神器升阶配置）
